{"cameraMode":{"drawMode":0,"name":"Shaded","section":"Shading Mode"},"sceneLighting":true,"audioPlay":false,"sceneViewState":{"showFog":true,"showMaterialUpdate":true,"showSkybox":true,"showFlares":true,"showImageEffects":true,"showParticleSystems":true},"in2DMode":false,"pivot":{"x":0.07594872266054154,"y":0.5109575390815735,"z":2.4244675636291506},"rotation":{"x":-0.11681000888347626,"y":0.6167287230491638,"z":-0.09321005642414093,"w":-0.7728901505470276},"size":3.133629560470581,"orthographic":false}